<?xml version="1.0" encoding="UTF-8"?>
<project-private xmlns="http://www.netbeans.org/ns/project-private/1">
    <editor-bookmarks xmlns="http://www.netbeans.org/ns/editor-bookmarks/2" lastBookmarkId="0"/>
    <open-files xmlns="http://www.netbeans.org/ns/projectui-open-files/2">
        <group>
            <file>file:/C:/Users/lenovo%20L390/OneDrive/Documents/NetBeansProjects/Find_and_Flip/src/find_and_flip/Card.java</file>
            <file>file:/C:/Users/lenovo%20L390/OneDrive/Documents/NetBeansProjects/Find_and_Flip/src/find_and_flip/ScoreEntry.java</file>
            <file>file:/C:/Users/lenovo%20L390/OneDrive/Documents/NetBeansProjects/Find_and_Flip/src/find_and_flip/MainMenuPanel.java</file>
            <file>file:/C:/Users/lenovo%20L390/OneDrive/Documents/NetBeansProjects/Find_and_Flip/src/find_and_flip/LeaderboardDialog.java</file>
            <file>file:/C:/Users/lenovo%20L390/OneDrive/Documents/NetBeansProjects/Find_and_Flip/src/find_and_flip/FlipAndFindGame.java</file>
            <file>file:/C:/Users/lenovo%20L390/OneDrive/Documents/NetBeansProjects/Find_and_Flip/src/find_and_flip/GameWindow.java</file>
        </group>
    </open-files>
</project-private>
